sourcefile;tags
kfet4/1.jpg;kfet4
kfet4/2.jpg;kfet4
kfet4/3.jpg;kfet4
kfet4/4.jpg;kfet4
kfet4/5.jpg;kfet4
kfet4/6.jpg;kfet4
kfet4/7.jpg;kfet4
kfet4/8.jpg;kfet4
kfet4/9.jpg;kfet4
kfet4/10.jpg;kfet4
kfet4/11.jpg;kfet4
kfet4/12.jpg;kfet4
kfet4/13.jpg;kfet4
kfet4/14.jpg;kfet4
kfet4/15.jpg;kfet4
kfet4/16.jpg;kfet4
kfet4/17.jpg;kfet4
kfet5/1.jpg;kfet5
kfet5/2.jpg;kfet5
kfet5/3.jpg;kfet5
kfet5/4.jpg;kfet5
kfet5/5.jpg;kfet5
kfet5/6.jpg;kfet5
kfet5/7.jpg;kfet5
kfet5/8.jpg;kfet5
kfet5/9.jpg;kfet5
kfet5/10.jpg;kfet5
kfet5/11.jpg;kfet5
kfet5/12.jpg;kfet5
kfet5/13.jpg;kfet5
kfet5/14.jpg;kfet5
kfet5/15.jpg;kfet5
kfet5/16.jpg;kfet5
kfet5/17.jpg;kfet5
kfet5/18.jpg;kfet5
kfet5/19.jpg;kfet5
kfet6/1.jpg;kfet6
kfet6/2.jpg;kfet6
kfet6/3.jpg;kfet6
kfet6/4.jpg;kfet6
kfet6/5.jpg;kfet6
kfet6/6.jpg;kfet6
kfet6/7.jpg;kfet6
kfet6/8.jpg;kfet6
kfet6/9.jpg;kfet6
kfet6/10.jpg;kfet6
kfet6/11.jpg;kfet6
kfet6/12.jpg;kfet6
kfet6/13.jpg;kfet6
kfet6/14.jpg;kfet6
kfet6/15.jpg;kfet6
kfet6/16.jpg;kfet6
kfet7/1.jpg;kfet7
kfet7/2.jpg;kfet7
kfet7/3.jpg;kfet7
kfet7/4.jpg;kfet7
kfet7/5.jpg;kfet7
kfet7/6.jpg;kfet7
kfet7/7.jpg;kfet7
kfet7/8.jpg;kfet7
kfet7/9.jpg;kfet7
kfet7/10.jpg;kfet7
kfet7/11.jpg;kfet7
kfet7/12.jpg;kfet7
kfet7/13.jpg;kfet7
kfet7/14.jpg;kfet7
kfet7/15.jpg;kfet7
kfet7/16.jpg;kfet7
kfet7/17.jpg;kfet7
kfet7/18.jpg;kfet7
kfet7/19.jpg;kfet7
